№,Name,Surname,Phone,Email
1,Сергей,Иванов,+7845121235,info@py.com
2,Александр,Тутиков,+7354652215,job@hh.ru
3,Лея,Старворсова,+6874673575496843,sw@sw.sw
4,Дмитрий,Поканедоделов,+4687434156,kl@dima.com
5,Дмитрий,Поканедоделов,+4687434156,kl@dima.com
6,Дмитрий,Поканедоделов,+4687434156,kl@dima.com
7,Алексей,Мамушкин,8-0236-1654621,sdf@lfkjh.ru
8,Люси,Рулька,+4672674276,hoh@hah.com
9,Робот,Компьютеров,8023511111111,it@it.com
10,Роберт,Мур,+5044405533,mur@mur.com
11,,Вникуденко,,loh@pedalnii.ru
12,Вывод,Моментальный,+000000000,000@ii.info
13,Боб,Джонсон,+11111145,usa@usa.com
